subreddit,province,latitude,longitude,year_month,year,month,season,quarter,half_year,reddit_growth_period,n_posts,mean_sentiment_compound,sentiment_category,pct_negative,pct_positive,pct_neutral,n_posts_crime,mean_polarity_crime
Edmonton,Alberta,53.5461,-113.4938,2009-08,2009,8,summer,2009_Q3,2009_H2,pre_phase,1.0,0.175,positive,0.0,1.0,0.0,0.0,
Edmonton,Alberta,53.5461,-113.4938,2009-09,2009,9,fall,2009_Q3,2009_H2,pre_phase,1.0,-0.1381673881673881,negative,1.0,0.0,0.0,1.0,-0.1381673881673881
Edmonton,Alberta,53.5461,-113.4938,2009-10,2009,10,fall,2009_Q4,2009_H2,pre_phase,1.0,-0.0435266122766122,neutral,0.0,0.0,1.0,1.0,-0.0435266122766122
Edmonton,Alberta,53.5461,-113.4938,2009-12,2009,12,winter,2009_Q4,2009_H2,pre_phase,1.0,0.1189393939393939,positive,0.0,1.0,0.0,0.0,
Edmonton,Alberta,53.5461,-113.4938,2010-01,2010,1,winter,2010_Q1,2010_H1,pre_phase,3.0,0.0932844993594186,positive,0.0,0.6666666666666666,0.3333333333333333,2.0,0.0726608932018436
Edmonton,Alberta,53.5461,-113.4938,2010-02,2010,2,winter,2010_Q1,2010_H1,pre_phase,1.0,0.1326213524130191,positive,0.0,1.0,0.0,0.0,
Edmonton,Alberta,53.5461,-113.4938,2010-04,2010,4,spring,2010_Q2,2010_H1,pre_phase,2.0,0.1846359220281634,positive,0.0,1.0,0.0,2.0,0.1846359220281634
Edmonton,Alberta,53.5461,-113.4938,2010-05,2010,5,spring,2010_Q2,2010_H1,pre_phase,1.0,-0.2,negative,1.0,0.0,0.0,0.0,
Edmonton,Alberta,53.5461,-113.4938,2010-07,2010,7,summer,2010_Q3,2010_H2,pre_phase,3.0,-0.0004563205753681,neutral,0.0,0.0,1.0,2.0,0.0055655191369477
Edmonton,Alberta,53.5461,-113.4938,2010-10,2010,10,fall,2010_Q4,2010_H2,pre_phase,1.0,0.3482142857142857,positive,0.0,1.0,0.0,0.0,
Edmonton,Alberta,53.5461,-113.4938,2010-11,2010,11,fall,2010_Q4,2010_H2,pre_phase,3.0,0.0390341911175244,neutral,0.3333333333333333,0.3333333333333333,0.3333333333333333,2.0,0.0996392496392496
Edmonton,Alberta,53.5461,-113.4938,2010-12,2010,12,winter,2010_Q4,2010_H2,pre_phase,9.0,0.0799769660120588,positive,0.1111111111111111,0.6666666666666666,0.2222222222222222,7.0,0.0617857935758108
Edmonton,Alberta,53.5461,-113.4938,2011-01,2011,1,winter,2011_Q1,2011_H1,pre_phase,6.0,0.0967271114304733,positive,0.0,0.5,0.5,4.0,0.154949298098091
Edmonton,Alberta,53.5461,-113.4938,2011-02,2011,2,winter,2011_Q1,2011_H1,pre_phase,3.0,-0.1193851783137497,negative,0.3333333333333333,0.3333333333333333,0.3333333333333333,0.0,
Edmonton,Alberta,53.5461,-113.4938,2011-03,2011,3,spring,2011_Q1,2011_H1,pre_phase,7.0,0.0621083770995984,positive,0.1428571428571428,0.2857142857142857,0.5714285714285714,4.0,-0.0533748968538011
Edmonton,Alberta,53.5461,-113.4938,2011-04,2011,4,spring,2011_Q2,2011_H1,pre_phase,5.0,-0.0455127164502164,neutral,0.4,0.2,0.4,4.0,-0.0724753111471861
Edmonton,Alberta,53.5461,-113.4938,2011-05,2011,5,spring,2011_Q2,2011_H1,pre_phase,4.0,0.0203638272735494,neutral,0.5,0.5,0.0,3.0,-0.0352682639719677
Edmonton,Alberta,53.5461,-113.4938,2011-06,2011,6,summer,2011_Q2,2011_H1,pre_phase,10.0,0.0338673858657573,neutral,0.2,0.4,0.4,4.0,-0.0390990890870454
Edmonton,Alberta,53.5461,-113.4938,2011-07,2011,7,summer,2011_Q3,2011_H2,pre_phase,14.0,0.0169680843296914,neutral,0.1428571428571428,0.5,0.3571428571428571,4.0,0.0213417658730159
Edmonton,Alberta,53.5461,-113.4938,2011-08,2011,8,summer,2011_Q3,2011_H2,pre_phase,8.0,0.0238487852240966,neutral,0.25,0.5,0.25,5.0,0.0223836455841439
Edmonton,Alberta,53.5461,-113.4938,2011-09,2011,9,fall,2011_Q3,2011_H2,pre_phase,3.0,0.0708740762604398,positive,0.0,0.3333333333333333,0.6666666666666666,1.0,0.1215277777777777
Edmonton,Alberta,53.5461,-113.4938,2011-10,2011,10,fall,2011_Q4,2011_H2,pre_phase,10.0,0.132029155508843,positive,0.3,0.5,0.2,7.0,0.0527879607165321
Edmonton,Alberta,53.5461,-113.4938,2011-11,2011,11,fall,2011_Q4,2011_H2,pre_phase,17.0,0.0707650904932008,positive,0.1176470588235294,0.6470588235294118,0.2352941176470588,11.0,0.0717654790299451
Edmonton,Alberta,53.5461,-113.4938,2011-12,2011,12,winter,2011_Q4,2011_H2,pre_phase,13.0,0.1073250411553462,positive,0.0,0.9230769230769232,0.0769230769230769,6.0,0.1064819082318186
Edmonton,Alberta,53.5461,-113.4938,2012-01,2012,1,winter,2012_Q1,2012_H1,pre_phase,17.0,0.0888613497394134,positive,0.0588235294117647,0.6470588235294118,0.2941176470588235,11.0,0.0841497382737913
Edmonton,Alberta,53.5461,-113.4938,2012-02,2012,2,winter,2012_Q1,2012_H1,pre_phase,12.0,0.1135840163826981,positive,0.0833333333333333,0.8333333333333334,0.0833333333333333,7.0,0.0977078164787708
Edmonton,Alberta,53.5461,-113.4938,2012-03,2012,3,spring,2012_Q1,2012_H1,pre_phase,17.0,0.0975586702431532,positive,0.0,0.7647058823529411,0.2352941176470588,14.0,0.0914832309872
Edmonton,Alberta,53.5461,-113.4938,2012-04,2012,4,spring,2012_Q2,2012_H1,pre_phase,28.0,0.0931268263358654,positive,0.1071428571428571,0.7142857142857143,0.1785714285714285,18.0,0.0739761628991073
Edmonton,Alberta,53.5461,-113.4938,2012-05,2012,5,spring,2012_Q2,2012_H1,pre_phase,17.0,0.066655955095102,positive,0.0,0.4117647058823529,0.5882352941176471,16.0,0.0703958159249095
Edmonton,Alberta,53.5461,-113.4938,2012-06,2012,6,summer,2012_Q2,2012_H1,pre_phase,51.0,0.0914910686839699,positive,0.0392156862745098,0.6862745098039216,0.2745098039215686,46.0,0.0811203826854743
Edmonton,Alberta,53.5461,-113.4938,2012-07,2012,7,summer,2012_Q3,2012_H2,pre_phase,11.0,0.086829997711196,positive,0.0909090909090909,0.6363636363636364,0.2727272727272727,7.0,0.0660813492063491
Edmonton,Alberta,53.5461,-113.4938,2012-08,2012,8,summer,2012_Q3,2012_H2,pre_phase,21.0,0.1372694192878612,positive,0.0952380952380952,0.8095238095238095,0.0952380952380952,17.0,0.1306736385036952
Edmonton,Alberta,53.5461,-113.4938,2012-09,2012,9,fall,2012_Q3,2012_H2,pre_phase,20.0,0.1008009691729951,positive,0.05,0.65,0.3,14.0,0.0853945687526225
Edmonton,Alberta,53.5461,-113.4938,2012-10,2012,10,fall,2012_Q4,2012_H2,pre_phase,27.0,0.0668877950270932,positive,0.1481481481481481,0.5555555555555556,0.2962962962962963,16.0,0.0261774560562718
Edmonton,Alberta,53.5461,-113.4938,2012-11,2012,11,fall,2012_Q4,2012_H2,pre_phase,28.0,0.1117666533579737,positive,0.1071428571428571,0.7857142857142857,0.1071428571428571,15.0,0.1436323393567764
Edmonton,Alberta,53.5461,-113.4938,2012-12,2012,12,winter,2012_Q4,2012_H2,pre_phase,33.0,0.0510562348101384,positive,0.1212121212121212,0.6060606060606061,0.2727272727272727,17.0,0.0538924776223797
Edmonton,Alberta,53.5461,-113.4938,2013-01,2013,1,winter,2013_Q1,2013_H1,pre_phase,22.0,0.1058001541329442,positive,0.1818181818181818,0.8181818181818182,0.0,10.0,0.1205381082853616
Edmonton,Alberta,53.5461,-113.4938,2013-02,2013,2,winter,2013_Q1,2013_H1,pre_phase,27.0,0.0875934721113573,positive,0.0,0.6666666666666666,0.3333333333333333,21.0,0.0733224537759718
Edmonton,Alberta,53.5461,-113.4938,2013-03,2013,3,spring,2013_Q1,2013_H1,pre_phase,37.0,0.067403752983505,positive,0.027027027027027,0.6756756756756757,0.2972972972972973,19.0,0.0788110678014942
Edmonton,Alberta,53.5461,-113.4938,2013-04,2013,4,spring,2013_Q2,2013_H1,pre_phase,35.0,0.1051614137449683,positive,0.0285714285714285,0.7428571428571429,0.2285714285714285,25.0,0.0716836057295295
Edmonton,Alberta,53.5461,-113.4938,2013-05,2013,5,spring,2013_Q2,2013_H1,pre_phase,20.0,0.0418058218532403,neutral,0.2,0.4,0.4,16.0,0.0428189010688324
Edmonton,Alberta,53.5461,-113.4938,2013-06,2013,6,summer,2013_Q2,2013_H1,pre_phase,28.0,0.1162627630551927,positive,0.1071428571428571,0.6071428571428571,0.2857142857142857,17.0,0.1294689432333461
Edmonton,Alberta,53.5461,-113.4938,2013-07,2013,7,summer,2013_Q3,2013_H2,pre_phase,33.0,0.0753763170170067,positive,0.1212121212121212,0.5757575757575758,0.303030303030303,23.0,0.0607800363162488
Edmonton,Alberta,53.5461,-113.4938,2013-08,2013,8,summer,2013_Q3,2013_H2,pre_phase,36.0,0.0714203220815219,positive,0.1111111111111111,0.5833333333333334,0.3055555555555556,26.0,0.05182109963506
Edmonton,Alberta,53.5461,-113.4938,2013-09,2013,9,fall,2013_Q3,2013_H2,pre_phase,29.0,0.0921880065026148,positive,0.1724137931034483,0.7586206896551724,0.0689655172413793,23.0,0.0895064486982055
Edmonton,Alberta,53.5461,-113.4938,2013-10,2013,10,fall,2013_Q4,2013_H2,pre_phase,36.0,0.0825829983124356,positive,0.1111111111111111,0.6388888888888888,0.25,25.0,0.0865988716099171
Edmonton,Alberta,53.5461,-113.4938,2013-11,2013,11,fall,2013_Q4,2013_H2,pre_phase,29.0,0.0720490768079062,positive,0.1034482758620689,0.5862068965517241,0.3103448275862069,18.0,0.0632684528799003
Edmonton,Alberta,53.5461,-113.4938,2013-12,2013,12,winter,2013_Q4,2013_H2,pre_phase,37.0,0.0829558898155496,positive,0.1891891891891892,0.5945945945945946,0.2162162162162162,21.0,0.0395010216118029
Regina,Saskatchewan,50.4452,-104.6189,2010-02,2010,2,winter,2010_Q1,2010_H1,pre_phase,3.0,0.0689232040143498,positive,0.0,0.3333333333333333,0.6666666666666666,3.0,0.0689232040143498
Regina,Saskatchewan,50.4452,-104.6189,2010-06,2010,6,summer,2010_Q2,2010_H1,pre_phase,1.0,0.0154252177863289,neutral,0.0,0.0,1.0,1.0,0.0154252177863289
Regina,Saskatchewan,50.4452,-104.6189,2010-07,2010,7,summer,2010_Q3,2010_H2,pre_phase,1.0,0.0499999999999999,neutral,0.0,0.0,1.0,1.0,0.0499999999999999
Regina,Saskatchewan,50.4452,-104.6189,2010-08,2010,8,summer,2010_Q3,2010_H2,pre_phase,1.0,-0.2083333333333333,negative,1.0,0.0,0.0,1.0,-0.2083333333333333
Regina,Saskatchewan,50.4452,-104.6189,2010-09,2010,9,fall,2010_Q3,2010_H2,pre_phase,2.0,0.1600269934414401,positive,0.0,1.0,0.0,1.0,0.1296025979939915
Regina,Saskatchewan,50.4452,-104.6189,2010-10,2010,10,fall,2010_Q4,2010_H2,pre_phase,2.0,0.0104804532490079,neutral,0.5,0.5,0.0,2.0,0.0104804532490079
Regina,Saskatchewan,50.4452,-104.6189,2011-01,2011,1,winter,2011_Q1,2011_H1,pre_phase,2.0,0.0507064694564695,positive,0.5,0.5,0.0,0.0,
Regina,Saskatchewan,50.4452,-104.6189,2011-02,2011,2,winter,2011_Q1,2011_H1,pre_phase,2.0,0.2338293221328935,positive,0.0,1.0,0.0,2.0,0.2338293221328935
Regina,Saskatchewan,50.4452,-104.6189,2011-04,2011,4,spring,2011_Q2,2011_H1,pre_phase,1.0,0.1708544280578179,positive,0.0,1.0,0.0,1.0,0.1708544280578179
Regina,Saskatchewan,50.4452,-104.6189,2011-05,2011,5,spring,2011_Q2,2011_H1,pre_phase,2.0,0.1513270308123249,positive,0.0,0.5,0.5,1.0,0.0026540616246498
Regina,Saskatchewan,50.4452,-104.6189,2011-06,2011,6,summer,2011_Q2,2011_H1,pre_phase,6.0,0.0028041305470033,neutral,0.0,0.3333333333333333,0.6666666666666666,6.0,0.0028041305470033
Regina,Saskatchewan,50.4452,-104.6189,2011-07,2011,7,summer,2011_Q3,2011_H2,pre_phase,3.0,0.1069659231851944,positive,0.0,1.0,0.0,3.0,0.1069659231851944
Regina,Saskatchewan,50.4452,-104.6189,2011-08,2011,8,summer,2011_Q3,2011_H2,pre_phase,1.0,0.2892857142857142,positive,0.0,1.0,0.0,1.0,0.2892857142857142
Regina,Saskatchewan,50.4452,-104.6189,2011-09,2011,9,fall,2011_Q3,2011_H2,pre_phase,3.0,0.0800091261267981,positive,0.0,1.0,0.0,2.0,0.0700109835624915
Regina,Saskatchewan,50.4452,-104.6189,2011-10,2011,10,fall,2011_Q4,2011_H2,pre_phase,2.0,-0.0359953703703703,neutral,0.5,0.5,0.0,0.0,
Regina,Saskatchewan,50.4452,-104.6189,2011-11,2011,11,fall,2011_Q4,2011_H2,pre_phase,6.0,0.0266697122028338,neutral,0.1666666666666666,0.6666666666666666,0.1666666666666666,3.0,-0.0266605755943324
Regina,Saskatchewan,50.4452,-104.6189,2011-12,2011,12,winter,2011_Q4,2011_H2,pre_phase,4.0,0.0630444324194323,positive,0.25,0.5,0.25,2.0,0.0967857142857142
Regina,Saskatchewan,50.4452,-104.6189,2012-01,2012,1,winter,2012_Q1,2012_H1,pre_phase,3.0,0.2219123376623376,positive,0.0,1.0,0.0,2.0,0.2125654761904761
Regina,Saskatchewan,50.4452,-104.6189,2012-02,2012,2,winter,2012_Q1,2012_H1,pre_phase,6.0,-0.0149091027143834,neutral,0.1666666666666666,0.1666666666666666,0.6666666666666666,5.0,-0.01539092325726
Regina,Saskatchewan,50.4452,-104.6189,2012-03,2012,3,spring,2012_Q1,2012_H1,pre_phase,10.0,0.0479995079676465,neutral,0.1,0.6,0.3,9.0,0.1227772310751628
Regina,Saskatchewan,50.4452,-104.6189,2012-04,2012,4,spring,2012_Q2,2012_H1,pre_phase,10.0,-0.0134785926296711,neutral,0.4,0.4,0.2,9.0,-0.0265039918107456
Regina,Saskatchewan,50.4452,-104.6189,2012-05,2012,5,spring,2012_Q2,2012_H1,pre_phase,44.0,0.1611498038826172,positive,0.0,0.75,0.25,43.0,0.1645876091863019
Regina,Saskatchewan,50.4452,-104.6189,2012-06,2012,6,summer,2012_Q2,2012_H1,pre_phase,15.0,0.1164614563209884,positive,0.0666666666666666,0.8,0.1333333333333333,13.0,0.1181643646437699
Regina,Saskatchewan,50.4452,-104.6189,2012-07,2012,7,summer,2012_Q3,2012_H2,pre_phase,10.0,0.0122483200376342,neutral,0.3,0.4,0.3,6.0,-0.0460791888261651
Regina,Saskatchewan,50.4452,-104.6189,2012-08,2012,8,summer,2012_Q3,2012_H2,pre_phase,8.0,0.068451314793356,positive,0.125,0.5,0.375,6.0,0.0195504328502378
Regina,Saskatchewan,50.4452,-104.6189,2012-09,2012,9,fall,2012_Q3,2012_H2,pre_phase,5.0,0.0176438522454574,neutral,0.4,0.2,0.4,3.0,-0.0394373849624873
Regina,Saskatchewan,50.4452,-104.6189,2012-10,2012,10,fall,2012_Q4,2012_H2,pre_phase,13.0,0.1050263533275577,positive,0.0769230769230769,0.6923076923076923,0.2307692307692307,8.0,0.0496776840536209
Regina,Saskatchewan,50.4452,-104.6189,2012-11,2012,11,fall,2012_Q4,2012_H2,pre_phase,12.0,0.0884066358162815,positive,0.0833333333333333,0.75,0.1666666666666666,7.0,0.126856203784644
Regina,Saskatchewan,50.4452,-104.6189,2012-12,2012,12,winter,2012_Q4,2012_H2,pre_phase,5.0,0.0811619277104474,positive,0.0,0.8,0.2,2.0,0.0811115577131202
Regina,Saskatchewan,50.4452,-104.6189,2013-01,2013,1,winter,2013_Q1,2013_H1,pre_phase,10.0,0.070206792266306,positive,0.2,0.7,0.1,4.0,0.0352842836351079
Regina,Saskatchewan,50.4452,-104.6189,2013-02,2013,2,winter,2013_Q1,2013_H1,pre_phase,9.0,0.1014480621017671,positive,0.0,0.5555555555555556,0.4444444444444444,8.0,0.1015106986523668
Regina,Saskatchewan,50.4452,-104.6189,2013-03,2013,3,spring,2013_Q1,2013_H1,pre_phase,23.0,0.1008602126525376,positive,0.1304347826086956,0.8695652173913043,0.0,13.0,0.069670600053175
Regina,Saskatchewan,50.4452,-104.6189,2013-04,2013,4,spring,2013_Q2,2013_H1,pre_phase,16.0,0.0304320584037644,neutral,0.125,0.1875,0.6875,10.0,0.0304387132466725
Regina,Saskatchewan,50.4452,-104.6189,2013-05,2013,5,spring,2013_Q2,2013_H1,pre_phase,15.0,0.1208998575737736,positive,0.0666666666666666,0.7333333333333333,0.2,8.0,0.1040655670700645
Regina,Saskatchewan,50.4452,-104.6189,2013-06,2013,6,summer,2013_Q2,2013_H1,pre_phase,10.0,0.0812544689207732,positive,0.1,0.8,0.1,9.0,0.0761715458007728
Regina,Saskatchewan,50.4452,-104.6189,2013-07,2013,7,summer,2013_Q3,2013_H2,pre_phase,10.0,0.0577630162655827,positive,0.1,0.6,0.3,8.0,0.0495345973996476
Regina,Saskatchewan,50.4452,-104.6189,2013-08,2013,8,summer,2013_Q3,2013_H2,pre_phase,16.0,0.0695182819903491,positive,0.25,0.625,0.125,11.0,0.0661175215512003
Regina,Saskatchewan,50.4452,-104.6189,2013-09,2013,9,fall,2013_Q3,2013_H2,pre_phase,6.0,0.2635879629629629,positive,0.0,0.8333333333333334,0.1666666666666666,0.0,
Regina,Saskatchewan,50.4452,-104.6189,2013-10,2013,10,fall,2013_Q4,2013_H2,pre_phase,15.0,0.0784791467724867,positive,0.2666666666666666,0.6666666666666666,0.0666666666666666,8.0,0.0703355437662442
Regina,Saskatchewan,50.4452,-104.6189,2013-11,2013,11,fall,2013_Q4,2013_H2,pre_phase,21.0,0.1153358402791523,positive,0.0476190476190476,0.8095238095238095,0.1428571428571428,11.0,0.098971770568535
Regina,Saskatchewan,50.4452,-104.6189,2013-12,2013,12,winter,2013_Q4,2013_H2,pre_phase,29.0,0.103395659353889,positive,0.0689655172413793,0.6551724137931034,0.2758620689655172,20.0,0.1140554003233347
Saskatoon,Saskatchewan,52.1332,-106.67,2010-05,2010,5,spring,2010_Q2,2010_H1,pre_phase,1.0,0.110482880755608,positive,0.0,1.0,0.0,0.0,
Saskatoon,Saskatchewan,52.1332,-106.67,2011-10,2011,10,fall,2011_Q4,2011_H2,pre_phase,3.0,0.1262714793941208,positive,0.0,1.0,0.0,2.0,0.1273265913855535
Saskatoon,Saskatchewan,52.1332,-106.67,2011-11,2011,11,fall,2011_Q4,2011_H2,pre_phase,2.0,0.0121306818181818,neutral,0.0,0.0,1.0,0.0,
Saskatoon,Saskatchewan,52.1332,-106.67,2011-12,2011,12,winter,2011_Q4,2011_H2,pre_phase,2.0,0.0053030303030302,neutral,0.0,0.0,1.0,1.0,0.0106060606060605
Saskatoon,Saskatchewan,52.1332,-106.67,2012-01,2012,1,winter,2012_Q1,2012_H1,pre_phase,2.0,0.1166294642857142,positive,0.0,0.5,0.5,0.0,
Saskatoon,Saskatchewan,52.1332,-106.67,2012-06,2012,6,summer,2012_Q2,2012_H1,pre_phase,1.0,0.0761904761904761,positive,0.0,1.0,0.0,1.0,0.0761904761904761
Saskatoon,Saskatchewan,52.1332,-106.67,2012-07,2012,7,summer,2012_Q3,2012_H2,pre_phase,2.0,0.4191498316498316,positive,0.0,1.0,0.0,0.0,
Saskatoon,Saskatchewan,52.1332,-106.67,2012-09,2012,9,fall,2012_Q3,2012_H2,pre_phase,2.0,0.1798534798534799,positive,0.0,1.0,0.0,0.0,
Saskatoon,Saskatchewan,52.1332,-106.67,2012-11,2012,11,fall,2012_Q4,2012_H2,pre_phase,2.0,0.0823347107438016,positive,0.0,0.5,0.5,0.0,
Saskatoon,Saskatchewan,52.1332,-106.67,2012-12,2012,12,winter,2012_Q4,2012_H2,pre_phase,1.0,0.0713590354894702,positive,0.0,1.0,0.0,1.0,0.0713590354894702
Saskatoon,Saskatchewan,52.1332,-106.67,2013-01,2013,1,winter,2013_Q1,2013_H1,pre_phase,1.0,0.066626492194674,positive,0.0,1.0,0.0,0.0,
Saskatoon,Saskatchewan,52.1332,-106.67,2013-03,2013,3,spring,2013_Q1,2013_H1,pre_phase,3.0,0.1678857022607022,positive,0.0,1.0,0.0,0.0,
Saskatoon,Saskatchewan,52.1332,-106.67,2013-04,2013,4,spring,2013_Q2,2013_H1,pre_phase,5.0,0.082725911714548,positive,0.0,0.6,0.4,0.0,
Saskatoon,Saskatchewan,52.1332,-106.67,2013-05,2013,5,spring,2013_Q2,2013_H1,pre_phase,2.0,0.2572537878787878,positive,0.0,1.0,0.0,0.0,
Saskatoon,Saskatchewan,52.1332,-106.67,2013-06,2013,6,summer,2013_Q2,2013_H1,pre_phase,2.0,0.0152172232529375,neutral,0.5,0.5,0.0,1.0,0.100943104514533
Saskatoon,Saskatchewan,52.1332,-106.67,2013-07,2013,7,summer,2013_Q3,2013_H2,pre_phase,1.0,0.4812499999999999,positive,0.0,1.0,0.0,0.0,
Saskatoon,Saskatchewan,52.1332,-106.67,2013-08,2013,8,summer,2013_Q3,2013_H2,pre_phase,2.0,0.0732784474512415,positive,0.0,0.5,0.5,2.0,0.0732784474512415
Saskatoon,Saskatchewan,52.1332,-106.67,2013-09,2013,9,fall,2013_Q3,2013_H2,pre_phase,2.0,0.0996925367476214,positive,0.0,1.0,0.0,1.0,0.1127184068285763
Saskatoon,Saskatchewan,52.1332,-106.67,2013-10,2013,10,fall,2013_Q4,2013_H2,pre_phase,1.0,0.052304033769551,positive,0.0,1.0,0.0,1.0,0.052304033769551
Saskatoon,Saskatchewan,52.1332,-106.67,2013-11,2013,11,fall,2013_Q4,2013_H2,pre_phase,3.0,0.2167360995485995,positive,0.0,1.0,0.0,1.0,0.1785712782587783
Saskatoon,Saskatchewan,52.1332,-106.67,2013-12,2013,12,winter,2013_Q4,2013_H2,pre_phase,5.0,0.0674348410136871,positive,0.0,0.6,0.4,3.0,0.0737009254990023
Winnipeg,Manitoba,49.8951,-97.1384,2009-11,2009,11,fall,2009_Q4,2009_H2,pre_phase,1.0,0.2186270903155984,positive,0.0,1.0,0.0,0.0,
Winnipeg,Manitoba,49.8951,-97.1384,2009-12,2009,12,winter,2009_Q4,2009_H2,pre_phase,1.0,0.4107142857142857,positive,0.0,1.0,0.0,1.0,0.4107142857142857
Winnipeg,Manitoba,49.8951,-97.1384,2010-01,2010,1,winter,2010_Q1,2010_H1,pre_phase,4.0,0.0037702014385146,neutral,0.0,0.25,0.75,4.0,0.0037702014385146
Winnipeg,Manitoba,49.8951,-97.1384,2010-03,2010,3,spring,2010_Q1,2010_H1,pre_phase,1.0,0.1076356093401548,positive,0.0,1.0,0.0,1.0,0.1076356093401548
Winnipeg,Manitoba,49.8951,-97.1384,2010-04,2010,4,spring,2010_Q2,2010_H1,pre_phase,3.0,-0.0028909100896658,neutral,0.3333333333333333,0.3333333333333333,0.3333333333333333,3.0,-0.0028909100896658
Winnipeg,Manitoba,49.8951,-97.1384,2010-05,2010,5,spring,2010_Q2,2010_H1,pre_phase,6.0,0.0429859524945217,neutral,0.1666666666666666,0.3333333333333333,0.5,4.0,0.0336609984995103
Winnipeg,Manitoba,49.8951,-97.1384,2010-06,2010,6,summer,2010_Q2,2010_H1,pre_phase,1.0,-0.0117476851851851,neutral,0.0,0.0,1.0,1.0,-0.0117476851851851
Winnipeg,Manitoba,49.8951,-97.1384,2010-08,2010,8,summer,2010_Q3,2010_H2,pre_phase,3.0,0.0560712481962481,positive,0.3333333333333333,0.6666666666666666,0.0,1.0,-0.2894444444444444
Winnipeg,Manitoba,49.8951,-97.1384,2010-09,2010,9,fall,2010_Q3,2010_H2,pre_phase,1.0,0.129491341991342,positive,0.0,1.0,0.0,0.0,
Winnipeg,Manitoba,49.8951,-97.1384,2010-10,2010,10,fall,2010_Q4,2010_H2,pre_phase,1.0,0.09375,positive,0.0,1.0,0.0,0.0,
Winnipeg,Manitoba,49.8951,-97.1384,2010-12,2010,12,winter,2010_Q4,2010_H2,pre_phase,3.0,-0.0879182449494949,negative,1.0,0.0,0.0,3.0,-0.0879182449494949
Winnipeg,Manitoba,49.8951,-97.1384,2011-01,2011,1,winter,2011_Q1,2011_H1,pre_phase,3.0,0.1092534506992338,positive,0.0,0.6666666666666666,0.3333333333333333,0.0,
Winnipeg,Manitoba,49.8951,-97.1384,2011-02,2011,2,winter,2011_Q1,2011_H1,pre_phase,6.0,0.0562283108098293,positive,0.1666666666666666,0.8333333333333334,0.0,2.0,-0.0651683716415859
Winnipeg,Manitoba,49.8951,-97.1384,2011-03,2011,3,spring,2011_Q1,2011_H1,pre_phase,4.0,0.102965204997824,positive,0.0,1.0,0.0,1.0,0.1000374273345702
Winnipeg,Manitoba,49.8951,-97.1384,2011-04,2011,4,spring,2011_Q2,2011_H1,pre_phase,2.0,-0.0278985112563544,neutral,0.5,0.5,0.0,2.0,-0.0278985112563544
Winnipeg,Manitoba,49.8951,-97.1384,2011-05,2011,5,spring,2011_Q2,2011_H1,pre_phase,4.0,0.1008375282429558,positive,0.0,0.75,0.25,2.0,0.1058417231525783
Winnipeg,Manitoba,49.8951,-97.1384,2011-06,2011,6,summer,2011_Q2,2011_H1,pre_phase,10.0,0.0956116101195636,positive,0.0,0.5,0.5,5.0,0.1311387430204396
Winnipeg,Manitoba,49.8951,-97.1384,2011-07,2011,7,summer,2011_Q3,2011_H2,pre_phase,9.0,0.0602585940253052,positive,0.1111111111111111,0.5555555555555556,0.3333333333333333,2.0,-0.0066688273105385
Winnipeg,Manitoba,49.8951,-97.1384,2011-08,2011,8,summer,2011_Q3,2011_H2,pre_phase,4.0,-0.0220841224747474,neutral,0.5,0.5,0.0,1.0,0.125
Winnipeg,Manitoba,49.8951,-97.1384,2011-09,2011,9,fall,2011_Q3,2011_H2,pre_phase,2.0,0.1291506452438929,positive,0.0,1.0,0.0,0.0,
Winnipeg,Manitoba,49.8951,-97.1384,2011-10,2011,10,fall,2011_Q4,2011_H2,pre_phase,10.0,-0.0593478814430255,negative,0.4,0.3,0.3,5.0,-0.0218542737314667
Winnipeg,Manitoba,49.8951,-97.1384,2011-11,2011,11,fall,2011_Q4,2011_H2,pre_phase,10.0,0.155691833923652,positive,0.0,0.5,0.5,7.0,0.0626486520534139
Winnipeg,Manitoba,49.8951,-97.1384,2011-12,2011,12,winter,2011_Q4,2011_H2,pre_phase,12.0,0.1136581546668352,positive,0.0833333333333333,0.5833333333333334,0.3333333333333333,5.0,0.0481564651397984
Winnipeg,Manitoba,49.8951,-97.1384,2012-01,2012,1,winter,2012_Q1,2012_H1,pre_phase,19.0,0.0837553053919692,positive,0.1052631578947368,0.631578947368421,0.2631578947368421,12.0,0.1173899037312882
Winnipeg,Manitoba,49.8951,-97.1384,2012-02,2012,2,winter,2012_Q1,2012_H1,pre_phase,10.0,-0.01719810364276,neutral,0.4,0.3,0.3,9.0,-0.012318880590721
Winnipeg,Manitoba,49.8951,-97.1384,2012-03,2012,3,spring,2012_Q1,2012_H1,pre_phase,15.0,0.0743984122625353,positive,0.0666666666666666,0.7333333333333333,0.2,8.0,0.1119608770683669
Winnipeg,Manitoba,49.8951,-97.1384,2012-04,2012,4,spring,2012_Q2,2012_H1,pre_phase,12.0,0.0892861375328214,positive,0.0,0.75,0.25,9.0,0.0817695348773245
Winnipeg,Manitoba,49.8951,-97.1384,2012-05,2012,5,spring,2012_Q2,2012_H1,pre_phase,23.0,0.0824643417006859,positive,0.0434782608695652,0.782608695652174,0.1739130434782608,18.0,0.0847452928503928
Winnipeg,Manitoba,49.8951,-97.1384,2012-06,2012,6,summer,2012_Q2,2012_H1,pre_phase,14.0,0.0976280514806285,positive,0.0,0.7142857142857143,0.2857142857142857,11.0,0.0764720247086379
Winnipeg,Manitoba,49.8951,-97.1384,2012-07,2012,7,summer,2012_Q3,2012_H2,pre_phase,11.0,0.0657944261806272,positive,0.1818181818181818,0.6363636363636364,0.1818181818181818,7.0,0.041885889680277
Winnipeg,Manitoba,49.8951,-97.1384,2012-08,2012,8,summer,2012_Q3,2012_H2,pre_phase,10.0,0.0550197547727241,positive,0.3,0.5,0.2,6.0,0.0623390306334532
Winnipeg,Manitoba,49.8951,-97.1384,2012-09,2012,9,fall,2012_Q3,2012_H2,pre_phase,12.0,0.1176368261789134,positive,0.0,0.5833333333333334,0.4166666666666667,7.0,0.1022785831258165
Winnipeg,Manitoba,49.8951,-97.1384,2012-10,2012,10,fall,2012_Q4,2012_H2,pre_phase,9.0,0.0890788960558345,positive,0.0,0.8888888888888888,0.1111111111111111,6.0,0.0818115452642411
Winnipeg,Manitoba,49.8951,-97.1384,2012-11,2012,11,fall,2012_Q4,2012_H2,pre_phase,19.0,0.0650787607272913,positive,0.0526315789473684,0.5263157894736842,0.4210526315789473,12.0,0.0494946621758619
Winnipeg,Manitoba,49.8951,-97.1384,2012-12,2012,12,winter,2012_Q4,2012_H2,pre_phase,10.0,0.1007212576758832,positive,0.0,0.7,0.3,7.0,0.089939814025466
Winnipeg,Manitoba,49.8951,-97.1384,2013-01,2013,1,winter,2013_Q1,2013_H1,pre_phase,16.0,-0.0281422001190486,neutral,0.4375,0.4375,0.125,11.0,0.0206177090318187
Winnipeg,Manitoba,49.8951,-97.1384,2013-02,2013,2,winter,2013_Q1,2013_H1,pre_phase,34.0,0.0889804026029338,positive,0.0294117647058823,0.6764705882352942,0.2941176470588235,19.0,0.0752007040923129
Winnipeg,Manitoba,49.8951,-97.1384,2013-03,2013,3,spring,2013_Q1,2013_H1,pre_phase,29.0,0.0692068072394614,positive,0.0689655172413793,0.5517241379310345,0.3793103448275862,18.0,0.0464270921726243
Winnipeg,Manitoba,49.8951,-97.1384,2013-04,2013,4,spring,2013_Q2,2013_H1,pre_phase,24.0,0.1110489423178775,positive,0.0,0.7083333333333334,0.2916666666666667,16.0,0.1121953920335056
Winnipeg,Manitoba,49.8951,-97.1384,2013-05,2013,5,spring,2013_Q2,2013_H1,pre_phase,16.0,0.0863742157622796,positive,0.125,0.75,0.125,8.0,0.1078614159335383
Winnipeg,Manitoba,49.8951,-97.1384,2013-06,2013,6,summer,2013_Q2,2013_H1,pre_phase,19.0,0.1022838662403323,positive,0.0526315789473684,0.6842105263157895,0.2631578947368421,11.0,0.1020888093412667
Winnipeg,Manitoba,49.8951,-97.1384,2013-07,2013,7,summer,2013_Q3,2013_H2,pre_phase,14.0,0.0826122498901505,positive,0.0714285714285714,0.8571428571428571,0.0714285714285714,9.0,0.0879720108934423
Winnipeg,Manitoba,49.8951,-97.1384,2013-08,2013,8,summer,2013_Q3,2013_H2,pre_phase,9.0,0.0843731133563924,positive,0.1111111111111111,0.8888888888888888,0.0,8.0,0.1167947525259415
Winnipeg,Manitoba,49.8951,-97.1384,2013-09,2013,9,fall,2013_Q3,2013_H2,pre_phase,15.0,0.0369160243525717,neutral,0.1333333333333333,0.4666666666666667,0.4,8.0,0.0405739139505119
Winnipeg,Manitoba,49.8951,-97.1384,2013-10,2013,10,fall,2013_Q4,2013_H2,pre_phase,22.0,0.0394608562470693,neutral,0.2272727272727272,0.6363636363636364,0.1363636363636363,16.0,0.0229383408521995
Winnipeg,Manitoba,49.8951,-97.1384,2013-11,2013,11,fall,2013_Q4,2013_H2,pre_phase,35.0,0.0879202197783045,positive,0.0,0.5142857142857142,0.4857142857142857,21.0,0.0656113478309794
Winnipeg,Manitoba,49.8951,-97.1384,2013-12,2013,12,winter,2013_Q4,2013_H2,pre_phase,21.0,0.0605366735090918,positive,0.1428571428571428,0.5238095238095238,0.3333333333333333,13.0,-0.0028167540252075
